country_name,capital,government_type,currency,total_area,location,language,gdp_growth,gdp_per_capita,original_country_name
Aruba,Oranjestad,parliamentary democracy; part of the Kingdom of the Netherlands,Aruban guilders/florins,69 Square Miles 180 Square Kilometers,"The Caribbean, an island in the Caribbean Sea, north of Venezuela","Dutch (official), Papiamento (a Spanish, Portuguese, Dutch, English dialect), English (widely spoken), Spanish",2.4%,"$25,300.00 (USD)",Aruba
Afghanistan,Kabul,theocratic; the United States does not recognize the Taliban Government,Afghan Afghani (AFN),"251,826 Square Miles 652,230 Square Kilometers","Southern Asia, north and west of Pakistan, east of Iran","Pashtu (official) 35%, Afghan Persian (Dari) 50%, Turkic languages (primarily Uzbek and Turkmen) 11%, 30 minor languages (primarily Balochi and Pashai) 4%, much bilingualism",-20.74%,"$1,500.00 (USD)",Afghanistan
Angola,Luanda,presidential republic,Angola Kwanza (AOA),"481,351 Square Miles 1,246,700 Square Kilometers","Southern Africa, bordering the South Atlantic Ocean, between Namibia and the Democratic Republic of the Congo","Portuguese (official), Bantu and other African languages",,"$6,800.00 (USD)",Angola
Albania,Tirana (Tirane),parliamentary republic,leke (ALL),"11,100 Square Miles 28,748 Square Kilometers","Southeastern Europe, bordering the Adriatic Sea and the Ionian Sea, between Greece in the south and Montenegro and Kosovo to the north","Albanian (official - Tosk is the official dialect), Greek",3.8%,"$12,500.00 (USD)",Albania
Andorra,Andorra la Vella,"parliamentary democracy (since March 1993) that retains its chiefs of state in the form of a co-principality; the two princes are the President of France and Bishop of Seu d'Urgell, Spain",Euro (EUR),181 Square Miles 468 Square Kilometers,"Southwestern Europe, Pyrenees mountains, on the border between France and Spain","Catalan (official), French, Castilian, Portuguese",-1.6%,"$37,200.00 (USD)",Andorra
UnitedArabEmirates,Abu Dhabi,federation of monarchies,UAE Dirham (AED),"32,278 Square Miles 83,600 Square Kilometers","Middle East, bordering the Gulf of Oman and the Persian Gulf, between Oman and Saudi Arabia","Arabic (official), Persian, English, Hindi, Urdu",3%,"$67,000.00 (USD)",United Arab Emirates
Argentina,Buenos Aires,presidential republic,Argentine Peso (ARS),"1,073,512 Square Miles 2,780,400 Square Kilometers","Southern South America, bordering the South Atlantic Ocean, between Chile and Uruguay","Spanish (official), Italian, English, German, French, indigenous (Mapudungun, Quechua)",-1.8%,"$20,200.00 (USD)",Argentina
Armenia,Yerevan,parliamentary democracy; note - constitutional changes adopted in December 2015 transformed the government to a parliamentary system,Armenian Dram (AMD),"11,484 Square Miles 29,743 Square Kilometers","Southwestern Asia, between Turkey (to the west) and Azerbaijan","Armenian 96%, Russian 2%, other 2%",3.2%,"$8,900.00 (USD)",Armenia
AmericanSamoa,Pago Pago (pronounced pahn-go pahn-go),"unincorporated, unorganized Territory of the US with local self-government; republican form of territorial government with separate executive, legislative, and judicial branches",US Dollar (USD),77 Square Miles 199 Square Kilometers,"Oceania, a group of islands in the South Pacific Ocean, about halfway between Hawaii and New Zealand","Samoan (closely related to Hawaiian and other Polynesian languages), English",-2.4%,"$13,000.00 (USD)",American Samoa
AntiguaandBarbuda,Saint John's,parliamentary democracy under a constitutional monarchy; a Commonwealth realm,East Caribbean dollars (XCD),171 Square Miles 442 Square Kilometers,"The Caribbean, islands between the Caribbean Sea and the North Atlantic Ocean, east-southeast of Puerto Rico","English (official), local dialects",2%,"$24,100.00 (USD)",Antigua and Barbuda
Australia,Canberra,federal parliamentary democracy under a constitutional monarchy; a Commonwealth realm,Australian Dollar (AUD),"2,988,885 Square Miles 7,741,220 Square Kilometers","Oceania, the continent between the Indian Ocean and the South Pacific Ocean","English, native languages",2.9%,"$48,800.00 (USD)",Australia
Austria,Vienna,federal parliamentary republic,Euro (EUR),"32,383 Square Miles 83,871 Square Kilometers","Central Europe, north of Italy and Slovenia","German (official nationwide), Slovene (official in Carinthia), Croatian (official in Burgenland), Hungarian (official in Burgenland)",1.4%,"$47,900.00 (USD)",Austria
Azerbaijan,"Baku (Baki, Baky)",presidential republic,Azerbaijani manats (AZN),"33,436 Square Miles 86,600 Square Kilometers","Southwestern Asia, bordering the Caspian Sea, between Iran and Russia, with a small European portion north of the Caucasus range","Azerbaijani (Azeri) 89%, Russian 3%, Armenian 2%, other 6%",-2.4%,"$17,700.00 (USD)",Azerbaijan
Burundi,"Gitega (political capital), Bujumbura (commercial capital)",presidential republic,Burundi francs (BIF),"10,745 Square Miles 27,830 Square Kilometers","Central Africa, east of the Democratic Republic of the Congo","Kirundi (official), French (official), Swahili (along Lake Tanganyika and in the Bujumbura area)",-0.5%,$800.00 (USD),Burundi
Belgium,Brussels,federal parliamentary democracy under a constitutional monarchy,Euro (EUR),"11,787 Square Miles 30,528 Square Kilometers","Western Europe, bordering the North Sea, between France and the Netherlands","Dutch (official) 60%, French (official) 40%, German (official) less than 1%, legally bilingual (Dutch and French)",1.4%,"$44,900.00 (USD)",Belgium
Benin,Porto-Novo (constitutional capital),presidential republic,Communaute Financiere Africaine francs (XOF),"43,483 Square Miles 112,622 Square Kilometers","Western Africa, bordering the Bight of Benin, between Nigeria and Togo","French (official), Fon and Yoruba (most common vernaculars in the south), tribal languages (at least six major ones in the north)",4.6%,"$2,200.00 (USD)",Benin
BurkinaFaso,Ouagadougou,presidential republic,Communaute Financiere Africaine francs (XOF),"105,869 Square Miles 274,200 Square Kilometers","Western Africa, north of Ghana","French (official), native African languages belonging to the Sudanic family spoken by 90% of the population",5.2%,"$1,800.00 (USD)",Burkina Faso
Bangladesh,Dhaka,parliamentary republic,Bangladeshi Taka (BDT),"55,598 Square Miles 143,998 Square Kilometers","Southern Asia, bordering the Bay of Bengal, between Burma and India","Bangla (official, also known as Bengali), English",6.9%,"$3,900.00 (USD)",Bangladesh
Bulgaria,Sofia,parliamentary republic,Bulgarian Lev (BGN),"42,810 Square Miles 110,879 Square Kilometers","Southeastern Europe, bordering the Black Sea, between Romania and Turkey",Bulgarian,3%,"$20,100.00 (USD)",Bulgaria
Bahrain,Manama,constitutional monarchy,Bahraini dinars (BHD),293 Square Miles 760 Square Kilometers,"The Middle East, an archipelago in the Persian Gulf, east of Saudi Arabia","Arabic, English, Farsi, Urdu",2.1%,"$50,300.00 (USD)",Bahrain
TheBahamas,Nassau,parliamentary democracy under a constitutional monarchy; a Commonwealth realm,Bahamian dollars (BSD),"5,359 Square Miles 13,880 Square Kilometers","Chain of islands in the North Atlantic Ocean, southeast of Florida, northeast of Cuba","English (official), Creole (among Haitian immigrants)",0.3%,"$24,600.00 (USD)","Bahamas, The"
BosniaandHerzegovina,Sarajevo,parliamentary republic,Konvertibilna markas (BAM),"19,767 Square Miles 51,197 Square Kilometers","Southeastern Europe, bordering the Adriatic Sea and Croatia","Bosnian, Croatian, Serbian",3%,"$11,000.00 (USD)",Bosnia and Herzegovina
Belarus,Minsk,"presidential republic in name, although in fact a dictatorship",Belarusian Rubles (BYB/BYR),"80,154 Square Miles 207,600 Square Kilometers","Eastern Europe, east of Poland","Belarusian, Russian, other",-3%,"$17,500.00 (USD)",Belarus
Belize,Belmopan,parliamentary democracy (National Assembly) under a constitutional monarchy; a Commonwealth realm,Belizean dollars (BZD),"8,867 Square Miles 22,966 Square Kilometers","Central America, bordering the Caribbean Sea, between Guatemala and Mexico","English (official), Spanish, Mayan, Garifuna (Carib), Creole",,"$8,200.00 (USD)",Belize
Bermuda,Hamilton,Overseas Territory of the UK with limited self-government; parliamentary democracy,Bermudian Dollar (BMD),21 Square Miles 54 Square Kilometers,"North America, a group of islands in the North Atlantic Ocean, east of South Carolina (US)","English (official), Portuguese",-2.5%,"$85,700.00 (USD)",Bermuda
Bolivia,La Paz (administrative capital),presidential republic,Bolivianos (BOB),"424,162 Square Miles 1,098,581 Square Kilometers","Central South America, southwest of Brazil","Spanish (official), Quechua (official), Aymara (official)",3.7%,"$7,200.00 (USD)",Bolivia
Brazil,Bras√≠lia,federal presidential republic,Brazilian Real (BRL),"3,287,594 Square Miles 8,514,877 Square Kilometers","Eastern South America, bordering the Atlantic Ocean",Portuguese (official and most widely spoken language),-3.3%,"$15,200.00 (USD)",Brazil
Barbados,Bridgetown,parliamentary republic; a Commonwealth realm,Barbadian dollars (BBD),166 Square Miles 430 Square Kilometers,"The Caribbean, an island in the North Atlantic Ocean, northeast of Venezuela",English,1.7%,"$17,200.00 (USD)",Barbados
Brunei,Bandar Seri Begawan,absolute monarchy or sultanate,Bruneian dollars (BND),"2,226 Square Miles 5,765 Square Kilometers","Southeastern Asia, bordering the South China Sea and Malaysia","Malay (official), English, Chinese",0.4%,"$79,700.00 (USD)",Brunei Darussalam
Bhutan,Thimphu,constitutional monarchy,Bhutanese Ngultrum (BTN),"14,824 Square Miles 38,394 Square Kilometers","Southern Asia, between China and India","Dzongkha (official), Bhotes speak various Tibetan dialects, Nepalese speak various Nepalese dialects",6%,"$8,100.00 (USD)",Bhutan
Botswana,Gaborone,parliamentary republic,Pula (BWP),"224,606 Square Miles 581,730 Square Kilometers","Southern Africa, north of South Africa","English (official), Setswana",3.1%,"$16,900.00 (USD)",Botswana
CentralAfricanRepublic,Bangui,presidential republic,Cooperation Financiere en Afrique Centrale francs (XAF),"240,534 Square Miles 622,984 Square Kilometers","Central Africa, north of the Democratic Republic of the Congo","French (official), Sangho (lingua franca and national language), tribal languages",5.2%,$700.00 (USD),Central African Republic
Canada,Ottawa,federal parliamentary democracy (Parliament of Canada) under a constitutional monarchy; a Commonwealth realm; federal and state authorities and responsibilities regulated in constitution,Canadian dollars (CAD),"3,855,081 Square Miles 9,984,670 Square Kilometers","Northern North America, bordering the North Atlantic Ocean on the east, North Pacific Ocean on the west, and the Arctic Ocean on the north, north of the conterminous US","English (official) 58.8%, French (official) 21.6%, other 19.6%",1.2%,"$46,200.00 (USD)",Canada
Switzerland,Bern,federal republic (formally a confederation),Swiss Franc (CHF),"15,937 Square Miles 41,277 Square Kilometers","Central Europe, east of France, north of Italy","German (official) 63.7%, French (official) 19.2%, Italian (official) 7.6%, Romansch (official) 0.6%, other 8.9%",1%,"$59,300.00 (USD)",Switzerland
Chile,Santiago,presidential republic,Chilean pesos (CLP),"291,931 Square Miles 756,102 Square Kilometers","Southern South America, bordering the South Pacific Ocean, between Argentina and Peru","Spanish (official), Mapudungun, German, English",1.7%,"$24,000.00 (USD)",Chile
China,Beijing,communist party-led state,Renminbi yuan (RMB),"3,705,387 Square Miles 9,596,961 Square Kilometers","Eastern Asia, bordering the East China Sea, Korea Bay, Yellow Sea, and South China Sea, between North Korea and Vietnam","Standard Chinese or Mandarin (Putonghua, based on the Beijing dialect), Yue (Cantonese), Wu (Shanghainese), Minbei (Fuzhou), Minnan (Hokkien-Taiwanese), Xiang, Gan, Hakka dialects, minority languages",6.6%,"$15,400.00 (USD)",China
CotedIvoire,"Yamoussoukro (legislative capital), Abidjan (administrative capital)",Presidential Republic,Communaute Financiere Africaine francs (XOF),"124,503 Square Miles 322,463 Square Kilometers","Western Africa, bordering the North Atlantic Ocean, between Ghana and Liberia","French (official), 60 native dialects with Dioula the most widely spoken",8%,"$3,600.00 (USD)",Cote d'Ivoire
Cameroon,Yaounde,presidential republic,Cooperation Financiere en Afrique Centrale francs (XAF),"183,567 Square Miles 475,440 Square Kilometers","Central Africa, bordering the Bight of Biafra, between Equatorial Guinea and Nigeria","24 major African language groups, English (official), French (official)",4.8%,"$3,300.00 (USD)",Cameroon
DemocraticRepublicoftheCongo,Kinshasa,Semi-presidential republic,Congolese francs (CDF),"905,350 Square Miles 2,344,858 Square Kilometers","Central Africa, northeast of Angola","French (official), Lingala (a lingua franca trade language), Kingwana (a dialect of Kiswahili or Swahili), Kikongo, Tshiluba",3.9%,$800.00 (USD),"Congo, Dem. Rep."
RepublicOfTheCongo,Brazzaville,Presidential republic,Cooperation Financiere en Afrique Centrale francs (XAF),"132,046 Square Miles 342,000 Square Kilometers","Central Africa, bordering the South Atlantic Ocean, between Angola and Gabon","French (official), Lingala and Monokutuba (lingua franca trade languages), many local languages and dialects (of which Kikongo is the most widespread)",1.7%,"$6,800.00 (USD)","Congo, Rep."
Colombia,Bogota,presidential republic,Colombian pesos (COP),"439,733 Square Miles 1,138,910 Square Kilometers","Northern South America, bordering the Caribbean Sea, between Panama and Venezuela, and bordering the North Pacific Ocean, between Ecuador and Panama",Spanish (official),2.2%,"$14,200.00 (USD)",Colombia
Comoros,Moroni,Federal Presidential Republic,Comoran francs (KMF),"863 Square Miles 2,235 Square Kilometers","Southern Africa, group of islands at the northern mouth of the Mozambique Channel, about two-thirds of the way between northern Madagascar and northern Mozambique","Arabic (official), French (official), Shikomoro (a blend of Swahili and Arabic)",2.2%,"$1,500.00 (USD)",Comoros
CapeVerde,Praia,parliamentary republic,Cabo Verdean escudos (CVE),"1,557 Square Miles 4,033 Square Kilometers","Western Africa, a group of islands in the North Atlantic Ocean, west of Senegal","Portuguese, Crioulo (a blend of Portuguese and West African words)",3.6%,"$6,700.00 (USD)",Cabo Verde
CostaRica,San Jose,presidential republic,Costa Rican colones (CRC),"19,730 Square Miles 51,100 Square Kilometers","Central America, bordering both the Caribbean Sea and the North Pacific Ocean, between Nicaragua and Panama","Spanish (official), English",4.3%,"$16,100.00 (USD)",Costa Rica
Cuba,Havana,Communist state,Cuban pesos (CUP),"42,803 Square Miles 110,860 Square Kilometers","Caribbean, island between the Caribbean Sea and the North Atlantic Ocean, 150 km south of Key West, Florida",Spanish (official),1.3%,"$11,600.00 (USD)",Cuba
CaymanIslands,George Town (on Grand Cayman),parliamentary democracy; self-governing overseas territory of the UK,Caymanian dollars (KYD),102 Square Miles 264 Square Kilometers,"The Caribbean, three-island group (Grand Cayman, Cayman Brac, Little Cayman) in the Caribbean Sea, 240 km south of Cuba and 268 km northwest of Jamaica",English,1.7%,"$43,800.00 (USD)",Cayman Islands
Cyprus,Nicosia (Lefkosia/Lefkosa),"Republic of Cyprus - presidential republic; self-declared ""Turkish Republic of Northern Cyprus"" (TRNC) - a parliamentary republic with an enhanced presidency",Greek Cypriot area:  euros (EUR); Turkish Cypriot area: Turkish new lira (YTL),"3,572 Square Miles 9,251 Square Kilometers","Middle East, island in the Mediterranean Sea, south of Turkey","Greek, Turkish, English",2.8%,"$34,400.00 (USD)",Cyprus
CzechRepublic,Prague,parliamentary republic,koruny (CZK),"30,451 Square Miles 78,867 Square Kilometers","Central Europe, between Germany, Poland, Slovakia, and Austria",Czech,2.5%,"$33,200.00 (USD)",Czechia
Germany,Berlin,federal parliamentary republic,Euro (EUR),"137,846 Square Miles 357,022 Square Kilometers","Central Europe, bordering the Baltic Sea and the North Sea, between the Netherlands and Poland, south of Denmark",German,1.5%,"$47,400.00 (USD)",Germany
Djibouti,Djibouti,Presidential republic,Djiboutian francs (DJF),"8,958 Square Miles 23,200 Square Kilometers","Eastern Africa, bordering the Gulf of Aden and the Red Sea, between Eritrea and Somalia","French (official), Arabic (official), Somali, Afar",6.5%,"$3,400.00 (USD)",Djibouti
Dominica,Roseau,Parliamentary Republic,East Caribbean dollars (XCD),290 Square Miles 751 Square Kilometers,"Caribbean, island between the Caribbean Sea and the North Atlantic Ocean, about half way between Puerto Rico and Trinidad and Tobago","English (official), French patois",1.5%,"$11,400.00 (USD)",Dominica
Denmark,Copenhagen,parliamentary constitutional monarchy,Danish kroner (DKK),"16,639 Square Miles 43,094 Square Kilometers","Northern Europe, bordering the Baltic Sea and the North Sea, on a peninsula north of Germany (Jutland); also includes several major islands (Sjaelland, Fyn, and Bornholm)","Danish, Faroese, Greenlandic (an Inuit dialect), German (small minority)",1%,"$46,600.00 (USD)",Denmark
DominicanRepublic,Santo Domingo,Presidential republic,Dominican pesos (DOP),"18,791 Square Miles 48,670 Square Kilometers","Caribbean, eastern two-thirds of the island of Hispaniola, between the Caribbean Sea and the North Atlantic Ocean, east of Haiti",Spanish,5.9%,"$15,900.00 (USD)",Dominican Republic
Algeria,Algiers,presidential republic,Algerian dinars (DZD),"919,590 Square Miles 2,381,741 Square Kilometers","Northern Africa, bordering the Mediterranean Sea, between Morocco and Tunisia","Arabic (official), French, Berber dialects",1.4%,"$15,200.00 (USD)",Algeria
Ecuador,Quito,presidential republic,US Dollar (USD),"109,483 Square Miles 283,561 Square Kilometers","Western South America, bordering the Pacific Ocean at the Equator, between Colombia and Peru","Spanish (official), Amerindian languages (especially Quechua)",-2.3%,"$11,000.00 (USD)",Ecuador
Egypt,Cairo,presidential republic,Egyptian pounds (EGP),"386,660 Square Miles 1,001,450 Square Kilometers","Northern Africa, bordering the Mediterranean Sea, between Libya and the Gaza Strip, and the Red Sea north of Sudan, and includes the Asian Sinai Peninsula","Arabic (official), English and French widely understood by educated classes",3.8%,"$12,100.00 (USD)","Egypt, Arab Rep."
Eritrea,Asmara,Presidential republic,nakfa (ERN),"45,405 Square Miles 117,600 Square Kilometers","Eastern Africa, bordering the Red Sea, between Djibouti and Sudan","Afar, Arabic, Tigre and Kunama, Tigrinya, other Cushitic languages",3.7%,"$1,300.00 (USD)",Eritrea
Spain,Madrid,parliamentary constitutional monarchy,Euro (EUR),"195,123 Square Miles 505,370 Square Kilometers","Southwestern Europe, bordering the Mediterranean Sea, North Atlantic Ocean, Bay of Biscay, and Pyrenees Mountains; southwest of France","Castilian Spanish (official) 74%, Catalan 17%, Galician 7%, and Basque 2%",3.1%,"$35,200.00 (USD)",Spain
Estonia,Tallinn,Parliamentary republic,Euros (EUR),"17,463 Square Miles 45,228 Square Kilometers","Eastern Europe, bordering the Baltic Sea and Gulf of Finland, between Latvia and Russia","Estonian (official), Russian, Ukrainian, Finnish, other",1.5%,"$38,700.00 (USD)",Estonia
Ethiopia,Addis Ababa,Federal parliamentary republic,birr (ETB),"426,370 Square Miles 1,104,300 Square Kilometers","Eastern Africa, west of Somalia","Amharic, Tigrinya, Oromigna, Guaragigna, Somali, Arabic, other local languages, English",6.5%,"$1,900.00 (USD)",Ethiopia
Finland,Helsinki,Parliamentary republic,Euro (EUR),"130,558 Square Miles 338,145 Square Kilometers","Northern Europe, bordering the Baltic Sea, Gulf of Bothnia, and Gulf of Finland, between Sweden and Russia","Finnish 93.4% (official), Swedish 5.9% (official), small Sami- and Russian-speaking minorities",2.8%,"$44,500.00 (USD)",Finland
Fiji,Suva (on Viti Levu),Farliamentary republic,Fijian dollars (FJD),"7,056 Square Miles 18,274 Square Kilometers","Oceania, island group in the South Pacific Ocean, about two-thirds of the way from Hawaii to New Zealand","English (official), Fijian, Hindustani",3%,"$9,800.00 (USD)",Fiji
France,Paris,semi-presidential republic,Euro (EUR),"248,572 Square Miles 643,801 Square Kilometers","Metropolitan France: Western Europe, bordering the Bay of Biscay and the English Channel, between Belgium and Spain, southeast of the United Kingdom; bordering the Mediterranean Sea, between Italy and Spain","French (official) 100%, rapidly declining regional dialects and languages (Provencal, Breton, Alsatian, Corsican, Catalan, Basque, Flemish) overseas departments: French, Creole patois, Mahorian (a Swahili dialect)",2.3%,"$44,100.00 (USD)",France
FaroeIslands,Torshavn,parliamentary democracy (Faroese Parliament); part of the Kingdom of Denmark,Danish kroner (DKK),"538 Square Miles 1,393 Square Kilometers","Northern Europe, island group between the Norwegian Sea and the North Atlantic Ocean, about half way between Iceland and Norway","Faroese (derived from Old Norse), Danish",5.9%,"$40,000.00 (USD)",Faroe Islands
Micronesia,Palikir,federal republic in free association with the US,US Dollar (USD),271 Square Miles 702 Square Kilometers,"Oceania, island group in the North Pacific Ocean, about three-quarters of the way from Hawaii to Indonesia","English (official and common language), Trukese, Pohnpeian, Yapese, Kosrean, Ulithian, Woleaian, Nukuoro, Kapingamarangi",-0.2%,"$3,000.00 (USD)","Micronesia, Fed. Sts."
Gabon,Libreville,Presidential republic,CFA Franc BEAC (XAF),"103,346 Square Miles 267,667 Square Kilometers","Central Africa, bordering the Atlantic Ocean at the Equator, between Republic of the Congo and Equatorial Guinea","French (official), Fang, Myene, Nzebi, Bapounou/Eschira, Bandjabi",3.5%,"$21,700.00 (USD)",Gabon
UnitedKingdom,London,parliamentary constitutional monarchy; a Commonwealth realm,Pound Sterling (GBP),"94,058 Square Miles 243,610 Square Kilometers","Western Europe, islands - including the northern one-sixth of the island of Ireland - between the North Atlantic Ocean and the North Sea; northwest of France",English,2.5%,"$41,200.00 (USD)",United Kingdom
Georgia,T'bilisi,Semi-presidential republic,Lari (GEL),"26,911 Square Miles 69,700 Square Kilometers","Southwestern Asia, bordering the Black Sea, between Turkey and Russia, with a sliver of land north of the Caucasus extending into Europe; note - Georgia views itself as part of Europe","Georgian 71% (official), Russian 9%, Armenian 7%, Azeri 6%, other 7%",2%,"$9,500.00 (USD)",Georgia
Ghana,Accra,Presidential republic,Cedi (GHC),"92,098 Square Miles 238,533 Square Kilometers","Western Africa, bordering the Gulf of Guinea, between Cote d'Ivoire and Togo","English (official), African languages (including Akan, Moshi-Dagomba, Ewe, and Ga)",3.5%,"$4,300.00 (USD)",Ghana
Gibraltar,Gibraltar,Parliamentary democracy (Parliament); self-governing overseas territory of the UK,Gibraltar Pound (GIP),2 Square Miles 6 Square Kilometers,"Southwestern Europe, bordering the Strait of Gibraltar, which links the Mediterranean Sea and the North Atlantic Ocean, on the southern coast of Spain","English (used in schools and for official purposes), Spanish, Italian, Portuguese",6%,"$43,000.00 (USD)",Gibraltar
Guinea,Conakry,Presidential republic,Guinea Franc (GNF),"94,925 Square Miles 245,857 Square Kilometers","Western Africa, bordering the North Atlantic Ocean, between Guinea-Bissau and Sierra Leone","French (official), each ethnic group has its own language",,"$1,300.00 (USD)",Guinea
TheGambia,Banjul,Presidential republic,Dalasi (GMD),"4,361 Square Miles 11,295 Square Kilometers","Western Africa, bordering the North Atlantic Ocean and Senegal","English (official), Mandinka, Wolof, Fula, other indigenous vernaculars",4.7%,"$1,700.00 (USD)","Gambia, The"
GuineaBissau,Bissau,Semi-presidential republic,Guinea-Bissau Peso (GWP) and CFA Franc BCEAO (XOF),"13,948 Square Miles 36,125 Square Kilometers","Western Africa, bordering the North Atlantic Ocean, between Guinea and Senegal","Portuguese (official), Crioulo, African languages",4.7%,"$1,500.00 (USD)",Guinea-Bissau
EquatorialGuinea,Malabo,Presidential republic,Cooperation Financiere en Afrique Centrale francs (XAF),"10,830 Square Miles 28,051 Square Kilometers","Central Africa, bordering the Bight of Biafra, between Cameroon and Gabon","Spanish (official), French (official), pidgin English, Fang, Bubi, Ibo",-9.9%,"$38,700.00 (USD)",Equatorial Guinea
Greece,Athens,parliamentary republic,Euro (EUR),"50,949 Square Miles 131,957 Square Kilometers","Southern Europe, bordering the Aegean Sea, Ionian Sea, and the Mediterranean Sea, between Albania and Turkey","Greek (official) 99%,",-2.3%,"$25,600.00 (USD)",Greece
Grenada,Saint George's,Parliamentary democracy under a constitutional monarchy; a Commonwealth realm,East Caribbean Dollar (XCD),133 Square Miles 344 Square Kilometers,"Caribbean, island between the Caribbean Sea and Atlantic Ocean, north of Trinidad and Tobago","English (official), French patois",3.4%,"$13,000.00 (USD)",Grenada
Greenland,Nuuk (Godthaab),Parliamentary democracy (Parliament of Greenland or Inatsisartut),Danish Krone (DKK),"836,326 Square Miles 2,166,086 Square Kilometers","Northern North America, island between the Arctic Ocean and the North Atlantic Ocean, northeast of Canada","Greenlandic (East Inuit), Danish, English",0.9%,"$37,900.00 (USD)",Greenland
Guatemala,Guatemala City,presidential republic,Quetzal (GTQ),"42,042 Square Miles 108,889 Square Kilometers","Central America, bordering the North Pacific Ocean, between El Salvador and Mexico, and bordering the Gulf of Honduras (Caribbean Sea) between Honduras and Belize","Spanish 60%, Amerindian languages 40% (23 officially recognized Amerindian languages, including Quiche, Cakchiquel, Kekchi, Mam, Garifuna, and Xinca)",3.8%,"$7,900.00 (USD)",Guatemala
Guam,Hagatna (Agana),"Unincorporated organized territory of the US with local self-government; republican form of territorial government with separate executive, legislative, and judicial branches",US Dollar (USD),210 Square Miles 544 Square Kilometers,"Oceania, island in the North Pacific Ocean, about three-quarters of the way from Hawaii to the Philippines","English, Chamorro, Japanese",0.6%,"$30,500.00 (USD)",Guam
Guyana,Georgetown,Parliamentary republic,Guyana Dollar (GYD),"83,000 Square Miles 214,969 Square Kilometers","Northern South America, bordering the North Atlantic Ocean, between Suriname and Venezuela","English, Amerindian dialects, Creole, Hindi, Urdu",3.2%,"$7,200.00 (USD)",Guyana
HongKong,Victoria,Presidential limited democracy; a special administrative region of the People's Republic of China,Hong Kong Dollar (HKD),"426 Square Miles 1,104 Square Kilometers","Eastern Asia, bordering the South China Sea and China","Chinese (Cantonese), English; both are official",2.5%,"$57,000.00 (USD)","Hong Kong SAR, China"
Honduras,Tegucigalpa,Presidential republic,Lempira (HNL),"43,278 Square Miles 112,090 Square Kilometers","Central America, bordering the Caribbean Sea, between Guatemala and Nicaragua and bordering the Gulf of Fonseca (North Pacific Ocean), between El Salvador and Nicaragua","Spanish, Amerindian dialects",3.5%,"$5,000.00 (USD)",Honduras
Croatia,Zagreb,Parliamentary republic,kuna (HRK),"21,851 Square Miles 56,594 Square Kilometers","Southeastern Europe, bordering the Adriatic Sea, between Bosnia and Herzegovina and Slovenia","Croatian 96%, other 4% (including Italian, Hungarian, Czech, Slovak, and German)",1.9%,"$22,400.00 (USD)",Croatia
Haiti,Port-au-Prince,Semi-presidential republic,Haitian Gourde (HTG) and US Dollar (USD),"10,714 Square Miles 27,750 Square Kilometers","Caribbean, western one-third of the island of Hispaniola, between the Caribbean Sea and the North Atlantic Ocean, west of the Dominican Republic","French (official), Creole (official)",2.5%,"$1,800.00 (USD)",Haiti
Hungary,Budapest,Parliamentary republic,Forint (HUF),"35,918 Square Miles 93,028 Square Kilometers","Central Europe, northwest of Romania","Hungarian 98.2%, other 1.8%",3%,"$26,000.00 (USD)",Hungary
Indonesia,Jakarta,presidential republic,Rupiah (IDR),"735,354 Square Miles 1,904,569 Square Kilometers","Southeastern Asia, archipelago between the Indian Ocean and the Pacific Ocean","Bahasa Indonesia (official, modified form of Malay), English, Dutch, local dialects",4.7%,"$11,300.00 (USD)",Indonesia
India,New Delhi,federal parliamentary republic,Indian Rupee (INR),"1,269,212 Square Miles 3,287,263 Square Kilometers","Southern Asia, bordering the Arabian Sea and the Bay of Bengal, between Burma and Pakistan","Hindi 41%, Bengali 8.1%, Telugu 7.2%, Marathi 7%, Tamil 5.9%, Urdu 5%, Gujarati 4.5%, Kannada 3.7%, Malayalam 3.2%, Oriya 3.2%, Punjabi 2.8%, Assamese 1.3%, Maithili 1.2%, other 5.9%",7.3%,"$6,300.00 (USD)",India
Ireland,Dublin,parliamentary republic,Euro (EUR),"27,132 Square Miles 70,273 Square Kilometers","Western Europe, occupying five-sixths of the island of Ireland in the North Atlantic Ocean, west of Great Britain","English (official, the language generally used), Irish (Gaelic or Gaeilge) (official, spoken mainly in areas along the western coast)",4.8%,"$54,300.00 (USD)",Ireland
Iran,Tehran,theocratic republic,Iranian Rial (IRR),"636,368 Square Miles 1,648,195 Square Kilometers","Middle East, bordering the Gulf of Oman, the Persian Gulf, and the Caspian Sea, between Iraq and Pakistan","Persian and Persian dialects 58%, Turkic and Turkic dialects 26%, Kurdish 9%, Luri 2%, Balochi 1%, Arabic 1%, Turkish 1%, other 2%",0.8%,"$17,800.00 (USD)","Iran, Islamic Rep."
Iraq,Baghdad,federal parliamentary republic,Iraqi Dinar (IQD),"169,234 Square Miles 438,317 Square Kilometers","Middle East, bordering the Persian Gulf, between Iran and Kuwait","Arabic, Kurdish (official in Kurdish regions), Assyrian, Armenian",,"$15,500.00 (USD)",Iraq
Iceland,Reykjavik,Unitary parliamentary republic,Euro (EUR),"39,768 Square Miles 103,000 Square Kilometers","Northern Europe, island between the Greenland Sea and the North Atlantic Ocean, northwest of the United Kingdom","Icelandic, English, Nordic languages, German widely spoken",3.7%,"$46,600.00 (USD)",Iceland
Israel,Jerusalem,parliamentary democracy,New Israeli Sheqel (ILS),"8,019 Square Miles 20,770 Square Kilometers","Middle East, bordering the Mediterranean Sea, between Egypt and Lebanon","Hebrew (official), Arabic used officially for Arab minority, English most commonly used foreign language.",2.5%,"$34,300.00 (USD)",Israel
Italy,Rome,parliamentary republic,Euros (EUR),"116,347 Square Miles 301,340 Square Kilometers","Southern Europe, a peninsula extending into the central Mediterranean Sea, northeast of Tunisia","Italian (official), German (parts of Trentino-Alto Adige region are predominantly German-speaking), French (small French-speaking minority in Valle d'Aosta region), Slovene (Slovene-speaking minority in the Trieste-Gorizia area)",0.8%,"$35,800.00 (USD)",Italy
Jamaica,Kingston,parliamentary democracy (Parliament) under a constitutional monarchy; a Commonwealth realm,Jamaican Dollar (JMD),"4,244 Square Miles 10,991 Square Kilometers","Caribbean, island in the Caribbean Sea, south of Cuba","English, patois English",1.1%,"$8,800.00 (USD)",Jamaica
Jordan,Amman,parliamentary constitutional monarchy,Jordanian Dollar (JOD),"34,495 Square Miles 89,342 Square Kilometers","Middle East, northwest of Saudi Arabia, between Israel (to the west) and Iraq","Arabic (official), English widely understood among upper and middle classes",2.9%,"$12,400.00 (USD)",Jordan
Japan,Tokyo,parliamentary constitutional monarchy,Yen (JPY),"145,913 Square Miles 377,915 Square Kilometers","Eastern Asia, island chain between the North Pacific Ocean and the Sea of Japan, east of the Korean Peninsula",Japanese,0.6%,"$38,200.00 (USD)",Japan
Kazakhstan,Astana,presidential republic,Tennge (KZT),"1,052,084 Square Miles 2,724,900 Square Kilometers","Central Asia, northwest of China; a small portion west of the Ural (Zhayyq) River in eastern-most Europe","Kazakh (Qazaq, state language) 64.4%, Russian (official, used in everyday business, designated the ""language of interethnic communication"") 95%",1.5%,"$24,700.00 (USD)",Kazakhstan
Kenya,Nairobi,presidential republic,Kenyan Shilling (KES),"224,080 Square Miles 580,367 Square Kilometers","Eastern Africa, bordering the Indian Ocean, between Somalia and Tanzania","English (official), Kiswahili (official), numerous indigenous languages",6.5%,"$3,300.00 (USD)",Kenya
Kyrgyzstan,Bishkek,parliamentary republic,Som (KWD),"77,201 Square Miles 199,951 Square Kilometers","Central Asia, west of China, south of Kazakhstan","Kyrgyz - official language, Russian - official language",2%,"$3,400.00 (USD)",Kyrgyz Republic
Cambodia,Phnom Penh,parliamentary constitutional monarchy,riels (KHR),"69,898 Square Miles 181,035 Square Kilometers","Southeastern Asia, bordering the Gulf of Thailand, between Thailand, Vietnam, and Laos","Khmer (official) 95%, French, English",7%,"$3,700.00 (USD)",Cambodia
Kiribati,Tarawa,presidential republic,Australian Dollar (AUD),313 Square Miles 811 Square Kilometers,"Oceania, group of 33 coral atolls in the Pacific Ocean, straddling the Equator, as well as the International Date Line; the capital Tarawa is about half way between Hawaii and Australia","I-Kiribati, English (official)",1.8%,"$2,200.00 (USD)",Kiribati
SaintKittsandNevis,Basseterre,federal parliamentary democracy under a constitutional monarchy; a Commonwealth realm,East Caribbean Dollar (XCD),101 Square Miles 261 Square Kilometers,"Caribbean, islands in the Caribbean Sea, about one-third of the way from Puerto Rico to Trinidad and Tobago",English,5%,"$22,800.00 (USD)",St. Kitts and Nevis
KoreaSouth,Seoul,presidential republic,Won (KRW),"38,502 Square Miles 99,720 Square Kilometers","Eastern Asia, southern half of the Korean Peninsula bordering the Sea of Japan and the Yellow Sea",Korean,2.7%,"$36,700.00 (USD)","Korea, Rep."
Kuwait,Kuwait City,constitutional monarchy (emirate),Kuwaiti Dinar (KWD),"6,880 Square Miles 17,818 Square Kilometers","Middle East, bordering the Persian Gulf, between Iraq and Saudi Arabia","Arabic (official), English widely spoken",1.2%,"$72,200.00 (USD)",Kuwait
Laos,Vientiane (Viangchan),communist state,Kip (LAK),"91,428 Square Miles 236,800 Square Kilometers","Southeastern Asia, northeast of Thailand, west of Vietnam","Lao (official), French, English, and various ethnic languages",7.5%,"$5,400.00 (USD)",Lao PDR
Lebanon,Beirut,parliamentary republic,Lebanes Pouind (LBP),"4,015 Square Miles 10,400 Square Kilometers","Middle East, bordering the Mediterranean Sea, between Israel and Syria","Arabic (official), French, English, Armenian",2%,"$18,600.00 (USD)",Lebanon
Liberia,Monrovia,presidential republic,Liberian Dollar (LRD),"43,000 Square Miles 111,369 Square Kilometers","Western Africa, bordering the North Atlantic Ocean, between Cote d'Ivoire and Sierra Leone","English 20% (official), some 20 ethnic group languages, of which a few can be written and are used in correspondence",0.9%,$900.00 (USD),Liberia
Libya,Tripoli (Tarabulus),in transition,Lybian Dinar (LYD),"679,358 Square Miles 1,759,540 Square Kilometers","Northern Africa, bordering the Mediterranean Sea, between Egypt, Tunisia, and Algeria","Arabic, Italian, English, all are widely understood in the major cities",-6.1%,"$15,100.00 (USD)",Libya
SaintLucia,Castries,parliamentary democracy under a constitutional monarchy; a Commonwealth realm,East Caribbean Dollar (XCD),238 Square Miles 616 Square Kilometers,"Caribbean, island between the Caribbean Sea and North Atlantic Ocean, north of Trinidad and Tobago","English (official), French patois",1.8%,"$12,000.00 (USD)",St. Lucia
Liechtenstein,Vaduz,constitutional monarchy,Swiss Franc (CHF),62 Square Miles 160 Square Kilometers,"Central Europe, between Austria and Switzerland","German (official), Alemannic dialect",1.8%,"$89,400.00 (USD)",Liechtenstein
SriLanka,Colombo (commercial capital),presidential republic,Sri Lanka Rupee (LKR),"25,332 Square Miles 65,610 Square Kilometers","Southern Asia, island in the Indian Ocean, south of India","Sinhala (official) 74%, Tamil (national language) 18%, other 8%. English is widely understood.",5.5%,"$11,200.00 (USD)",Sri Lanka
Lesotho,Maseru,parliamentary constitutional monarchy,Loti (LSL),"11,720 Square Miles 30,355 Square Kilometers","Southern Africa, an enclave of South Africa","Sesotho (southern Sotho), English (official), Zulu, Xhosa",2.6%,"$3,000.00 (USD)",Lesotho
Lithuania,Vilnius,semi-presidential republic,Euro (EUR),"25,212 Square Miles 65,300 Square Kilometers","Eastern Europe, bordering the Baltic Sea, between Latvia and Russia","Lithuanian (official), Polish, Russian",1.8%,"$28,000.00 (USD)",Lithuania
Luxembourg,Luxembourg,constitutional monarchy,Euro (EUR),"998 Square Miles 2,586 Square Kilometers","Western Europe, between France and Germany","Luxembourgish (national language), German (administrative language), French",4.4%,"$102,900.00 (USD)",Luxembourg
Latvia,Riga,parliamentary republic,Euro (EUR),"24,938 Square Miles 64,589 Square Kilometers","Eastern Europe, bordering the Baltic Sea, between Estonia and Lithuania","Latvian (official), Lithuanian, Russian, other",2.2%,"$24,500.00 (USD)",Latvia
Macau,Macau,executive-led limited democracy; a special administrative region of the People's Republic of China,Macanese Pataca (MOP),11 Square Miles 28 Square Kilometers,"Eastern Asia, bordering the South China Sea and China","Portuguese, Chinese (Cantonese)",11.9%,"$88,700.00 (USD)","Macao SAR, China"
Morocco,Rabat,parliamentary constitutional monarchy,Moroccan Dirham (MAD),"172,413 Square Miles 446,550 Square Kilometers","Northern Africa, bordering the North Atlantic Ocean and the Mediterranean Sea, between Algeria and Western Sahara","Arabic (official), Berber dialects, French",4.9%,"$8,300.00 (USD)",Morocco
Monaco,Monaco,constitutional monarchy,Euro (EUR),1 Square Miles 2 Square Kilometers,"Western Europe, bordering the Mediterranean Sea on the southern coast of France, near the border with Italy","French (official), English, Italian, Monegasque",9.3%,"$78,700.00 (USD)",Monaco
Moldova,Chisinau in Romanian (Kishinev in Russian),parliamentary republic,Moldovan Leu (MDL),"13,070 Square Miles 33,851 Square Kilometers","Eastern Europe, northeast of Romania","Moldovan (official, virtually the same as the Romanian language), Russian, Gagauz (a Turkish dialect)",-1%,"$5,000.00 (USD)",Moldova
Madagascar,Antananarivo,semi-presidential republic,Malagasy Franc (MGF),"226,657 Square Miles 587,041 Square Kilometers","Southern Africa, island in the Indian Ocean, east of Mozambique","French (official), Malagasy (official)",3.4%,"$1,500.00 (USD)",Madagascar
Maldives,Male,presidential republic,Rufiyaa (MVR),115 Square Miles 298 Square Kilometers,"Southern Asia, group of atolls in the Indian Ocean, south-southwest of India","Maldivian Dhivehi (dialect of Sinhala, script derived from Arabic), English spoken by most government officials",7.6%,"$13,600.00 (USD)",Maldives
Mexico,Mexico City (Ciudad de Mexico),federal presidential republic,Mexican Peso (MXN),"758,445 Square Miles 1,964,375 Square Kilometers","North America, bordering the Caribbean Sea and the Gulf of Mexico, between Belize and the United States and bordering the North Pacific Ocean, between Guatemala and the United States","Spanish only 92.7%, Spanish and indigenous languages 5.7%, indigenous only 0.8%, unspecified 0.8%",2.3%,"$18,500.00 (USD)",Mexico
MarshallIslands,Majuro,mixed presidential-parliamentary system in free association with the US,US Dollar (USD),70 Square Miles 181 Square Kilometers,"Oceania, two archipelagic island chains of 29 atolls, each made up of many small islets, and five single islands in the North Pacific Ocean, about half way between Hawaii and Australia","English (widely spoken as a second language, both English and Marshallese are official languages), two major Marshallese dialects from the Malayo-Polynesian family, Japanese",1.7%,"$3,400.00 (USD)",Marshall Islands
Macedonia,Skopje,parliamentary republic,Macedonian Denar (MKD),"9,928 Square Miles 25,713 Square Kilometers","Southeastern Europe, north of Greece","Macedonian 68%, Albanian 25%, Turkish 3%, Serbo-Croatian 2%, other 2%",3.2%,"$14,000.00 (USD)",North Macedonia
Mali,Bamako,semi-presidential republic,CFA Franc BCEAO (XOF),"478,838 Square Miles 1,240,192 Square Kilometers","interior Western Africa, southwest of Algeria, north of Guinea, Cote d'Ivoire, and Burkina Faso, west of Niger","French (official), Bambara 80%, numerous African languages",5%,"$1,800.00 (USD)",Mali
Malta,Valletta,parliamentary republic,Euros (EUR),122 Square Miles 316 Square Kilometers,"Southern Europe, islands in the Mediterranean Sea, south of Sicily (Italy)","Maltese (official), English (official)",3.4%,"$34,700.00 (USD)",Malta
Burma,"Rangoon (aka Yangon, continues to be recognized as the primary Burmese capital by the US Government)",military regime,kyats (MMK),"261,227 Square Miles 676,578 Square Kilometers","Southeastern Asia, bordering the Andaman Sea and the Bay of Bengal, between Bangladesh and Thailand",Burmese,8.1%,"$6,000.00 (USD)",Myanmar
Montenegro,Podgorica,parliamentary republic,Euro (EUR),"5,333 Square Miles 13,812 Square Kilometers","Southeastern Europe, between the Adriatic Sea and Serbia",Serbian (Ijekavian dialect - official),3.2%,"$15,700.00 (USD)",Montenegro
Mongolia,Ulaanbaatar,semi-presidential republic,Mongolia Tughrik (MNT),"603,905 Square Miles 1,564,116 Square Kilometers","Northern Asia, between China and Russia","Khalkha Mongol 90%, Turkic, Russian",3.5%,"$12,500.00 (USD)",Mongolia
NorthernMarianaIslands,Saipan,"a commonwealth in political union with and under the sovereignty of the US; republican form of government with separate executive, legislative, and judicial branches",US Dollar (USD),179 Square Miles 464 Square Kilometers,"Oceania, islands in the North Pacific Ocean, about three-quarters of the way from Hawaii to the Philippines","English, Chamorro, Carolinian",4.5%,"$13,300.00 (USD)",Northern Mariana Islands
Mozambique,Maputo,presidential republic,Mozambican Metical (MZM),"308,641 Square Miles 799,380 Square Kilometers","South-eastern Africa, bordering the Mozambique Channel, between South Africa and Tanzania","Portuguese (official), indigenous dialects",7%,"$1,300.00 (USD)",Mozambique
Mauritania,Nouakchott,presidential republic,Ouguiya (MRO),"397,953 Square Miles 1,030,700 Square Kilometers","Western Africa, bordering the North Atlantic Ocean, between Senegal and Western Sahara","Hassaniya Arabic (official), Pulaar, Soninke, Wolof (official), French",4.1%,"$4,500.00 (USD)",Mauritania
Mauritius,Port Louis,parliamentary republic,Mauritius Rupee (MUR),"788 Square Miles 2,040 Square Kilometers","Southern Africa, island in the Indian Ocean, east of Madagascar","English (official), Creole, French (official), Hindi, Urdu, Hakka, Bhojpuri",3.2%,"$19,500.00 (USD)",Mauritius
Malawi,Lilongwe,presidential republic,Kwacha (MWK),"45,747 Square Miles 118,484 Square Kilometers","Southern Africa, east of Zambia, west and north of Mozambique","English (official), Chichewa (official), other languages important regionally",4%,"$1,200.00 (USD)",Malawi
Malaysia,Kuala Lumpur,federal parliamentary constitutional monarchy,Malaysian Ringgit (MYR),"127,354 Square Miles 329,847 Square Kilometers","Southeastern Asia, peninsula bordering Thailand and northern one-third of the island of Borneo, bordering Indonesia, Brunei, and the South China Sea, south of Vietnam","Bahasa Melayu (official), English, Chinese dialects (Cantonese, Mandarin, Hokkien, Hakka, Hainan, Foochow), Tamil, Telugu, Malayalam, Panjabi, Thai",4.7%,"$26,600.00 (USD)",Malaysia
Namibia,Windhoek,presidential republic,Namibia Dollar (NAD) and South Afrtican Rand (ZAR),"318,259 Square Miles 824,292 Square Kilometers","Southern Africa, bordering the South Atlantic Ocean, between Angola and South Africa","English 7% (official), Afrikaans common language of most of the population and about 60% of the white population, German 32%, indigenous languages: Oshivambo, Herero, Nama",4.8%,"$11,300.00 (USD)",Namibia
NewCaledonia,Noumea,parliamentary democracy (Territorial Congress); an overseas collectivity of France,CFP Franc (XPF),"7,172 Square Miles 18,575 Square Kilometers","Oceania, islands in the South Pacific Ocean, east of Australia","French (official), 33 Melanesian-Polynesian dialects",2.8%,"$38,800.00 (USD)",New Caledonia
Niger,Niamey,semi-presidential republic,West Afrtican CFA Franc (XOF),"489,189 Square Miles 1,267,000 Square Kilometers","Western Africa, southeast of Algeria","French (official), Hausa, Djerma",4.3%,"$1,100.00 (USD)",Niger
Nigeria,Abuja,federal presidential republic,Nigerian Naira (NGN),"356,667 Square Miles 923,768 Square Kilometers","Western Africa, bordering the Gulf of Guinea, between Benin and Cameroon","English (official), Hausa, Yoruba, Igbo (Ibo), Fulani",4%,"$6,400.00 (USD)",Nigeria
Nicaragua,Managua,presidential republic,Nicaraguan Cordoba (NIO),"50,336 Square Miles 130,370 Square Kilometers","Central America, bordering both the Caribbean Sea and the North Pacific Ocean, between Costa Rica and Honduras",Spanish (official),4%,"$5,000.00 (USD)",Nicaragua
Netherlands,Amsterdam,parliamentary constitutional monarchy; part of the Kingdom of the Netherlands,Euro (EUR),"16,040 Square Miles 41,543 Square Kilometers","Western Europe, bordering the North Sea, between Belgium and Germany","Dutch (official language), Frisian (official language)",1.8%,"$49,300.00 (USD)",Netherlands
Norway,Oslo,parliamentary constitutional monarchy,Norwegian Krone (NOK),"125,020 Square Miles 323,802 Square Kilometers","Northern Europe, bordering the North Sea and the North Atlantic Ocean, west of Sweden","Bokmal Norwegian (official), Nynorsk Norwegian (official)",0.9%,"$68,400.00 (USD)",Norway
Nepal,Kathmandu,federal parliamentary republic,Nepalese Rupee (NPR),"56,827 Square Miles 147,181 Square Kilometers","Southern Asia, between China and India","Nepali (official; spoken by 90% of the population), about a dozen other languages and about 30 major dialects",7.9%,"$3,417.00 (USD)",Nepal
Nauru,no official capital,parliamentary republic,Australian Dollar (AUD),8 Square Miles 21 Square Kilometers,"Oceania, island in the South Pacific Ocean, south of the Marshall Islands","Nauruan (official, a distinct Pacific Island language), English widely understood, spoken, and used for most government and commercial purposes",8%,"$14,800.00 (USD)",Nauru
NewZealand,Wellington,parliamentary democracy under a constitutional monarchy; a Commonwealth realm,New Zealand Dollar (NZD),"103,363 Square Miles 267,710 Square Kilometers","Oceania, islands in the South Pacific Ocean, southeast of Australia","English (official), Maori (official)",2.2%,"$36,400.00 (USD)",New Zealand
Oman,Muscat,absolute monarchy,Omani Rial (OMR),"119,498 Square Miles 309,500 Square Kilometers","Middle East, bordering the Arabian Sea, Gulf of Oman, and Persian Gulf, between Yemen and UAE","Arabic (official), English, Baluchi, Urdu, Indian dialects",4.4%,"$46,200.00 (USD)",Oman
Pakistan,Islamabad,federal parliamentary republic,Pakistan Rupee (PKR),"307,372 Square Miles 796,095 Square Kilometers","Southern Asia, bordering the Arabian Sea, between India on the east and Iran and Afghanistan on the west and China in the north","Punjabi 48%, Sindhi 12%, Siraiki (a Punjabi variant) 10%, Pashtu 8%, Urdu (official) 8%, Balochi 3%, Hindko 2%, Brahui 1%, English (official and lingua franca of Pakistani elite and most government ministries), Burushaski, and other 8%",4.2%,"$4,900.00 (USD)",Pakistan
Panama,Panama City,presidential republic,Panamanian Balboa (PAB) and US Dollar (USD),"29,120 Square Miles 75,420 Square Kilometers","Central America, bordering both the Caribbean Sea and the North Pacific Ocean, between Colombia and Costa Rica","Spanish (official), English 14%",6%,"$20,900.00 (USD)",Panama
Peru,Lima,presidential republic,Peruvian (Nuevo) Sol (PEN),"496,222 Square Miles 1,285,216 Square Kilometers","Western South America, bordering the South Pacific Ocean, between Chile and Ecuador","Spanish (official) 84.1%, Quechua (official) 13%, Aymara (official) 1.7%, Ashaninka 0.3%, other native languages (includes a large number of minor Amazonian languages) 0.7%, other 0.2%",2.4%,"$12,300.00 (USD)",Peru
Philippines,Manila,presidential republic,Philippines Peso (PHP),"115,830 Square Miles 300,000 Square Kilometers","Southeastern Asia, archipelago between the Philippine Sea and the South China Sea, east of Vietnam","two official languages - Filipino (based on Tagalog) and English; eight major dialects - Tagalog, Cebuano, Ilocano, Hiligaynon or Ilonggo, Bicol, Waray, Pampango, and Pangasinense",6%,"$7,500.00 (USD)",Philippines
Palau,Ngerulmud,presidential republic in free association with the US,US Dollar (USD),177 Square Miles 459 Square Kilometers,"Oceania, group of islands in the North Pacific Ocean, southeast of the Philippines","English and Palauan official in all states except Sonsoral (Sonsoralese and English are official), Tobi (Tobi and English are official), and Angaur (Angaur, Japanese, and English are official)",4%,"$14,800.00 (USD)",Palau
PapuaNewGuinea,Port Moresby,parliamentary democracy under a constitutional monarchy; a Commonwealth realm,Papua New Guinean Kina (PGK),"178,703 Square Miles 462,840 Square Kilometers","Oceania, group of islands including the eastern half of the island of New Guinea between the Coral Sea and the South Pacific Ocean, east of Indonesia","Melanesian Pidgin serves as the lingua franca, English spoken by 1%-2%, Motu spoken in Papua region",16%,"$2,800.00 (USD)",Papua New Guinea
Poland,Warsaw,parliamentary republic,Polish Zloty (PLN),"120,728 Square Miles 312,685 Square Kilometers","Central Europe, east of Germany",Polish,3.5%,"$26,400.00 (USD)",Poland
PuertoRico,San Juan,"unincorporated organized territory of the US with local self-government; republican form of territorial government with separate executive, legislative, and judicial branches; note - reference Puerto Rican Federal Relations Act, 2 March 1917, as amended by Public Law 600, 3 July 1950",US Dollar (USD),"5,324 Square Miles 13,790 Square Kilometers","Caribbean, island between the Caribbean Sea and the North Atlantic Ocean, east of the Dominican Republic",Spanish,-0.6%,"$28,500.00 (USD)",Puerto Rico
KoreaNorth,Pyongyang,"dictatorship, single-party state; official state ideology of ""Juche"" or ""national self-reliance""",North Korean Won (KPW),"46,540 Square Miles 120,538 Square Kilometers","Eastern Asia, northern half of the Korean Peninsula bordering the Korea Bay and the Sea of Japan, between China and South Korea",Korean,1%,"$1,800.00 (USD)","Korea, Dem. People's Rep."
Portugal,Lisbon,semi-presidential republic,Euro (EUR),"35,556 Square Miles 92,090 Square Kilometers","Southwestern Europe, bordering the North Atlantic Ocean, west of Spain","Portuguese (official), Mirandese (official - but locally used)",1.6%,"$27,800.00 (USD)",Portugal
Paraguay,Asunci√≥n,presidential republic,Paraguayan Guarani (PYG),"157,047 Square Miles 406,752 Square Kilometers","Central South America, northeast of Argentina, southwest of Brazil","Spanish (official), Guarani (official)",3%,"$8,800.00 (USD)",Paraguay
FrenchPolynesia,Papeete (located on Tahiti),Parliamentary democracy (Assembly of French Polynesia); an overseas collectivity of France,CFP Franc (XPF),"1,609 Square Miles 4,167 Square Kilometers","Oceania, five archipelagoes (Archipel Des Tuamotu, Iles Gambier, Iles Marquises, Iles Tubuai, Society Islands) in the South Pacific Ocean about half way between South America and Australia","French (official), Tahitian (official)",2.4%,"$26,100.00 (USD)",French Polynesia
Qatar,Doha,absolute monarchy,Qatari Rial (QAR),"4,473 Square Miles 11,586 Square Kilometers","Middle East, peninsula bordering the Persian Gulf and Saudi Arabia","Arabic (official), English commonly used as a second language",4.7%,"$145,000.00 (USD)",Qatar
Romania,Bucharest,semi-presidential republic,Leu (RON),"92,043 Square Miles 238,391 Square Kilometers","Southeastern Europe, bordering the Black Sea, between Bulgaria and Ukraine","Romanian (official), Hungarian, German",3.4%,"$20,600.00 (USD)",Romania
Russia,Moscow,semi-presidential federation,Russian Ruble (RUR or RUB),"6,601,631 Square Miles 17,098,242 Square Kilometers","North Asia bordering the Arctic Ocean, extending from Europe (the portion west of the Urals) to the North Pacific Ocean","Russian (official), many minority languages",-3.9%,"$23,700.00 (USD)",Russian Federation
Rwanda,Kigali,presidential republic,Rwanda Franc (RWF),"10,169 Square Miles 26,338 Square Kilometers","Central Africa, east of Democratic Republic of the Congo","Kinyarwanda (official) universal Bantu vernacular, French (official), English (official), Kiswahili (Swahili) used in commercial centers",6.5%,"$1,800.00 (USD)",Rwanda
SaudiArabia,Riyadh,absolute monarchy,Saudi Riyal (SAR),"829,995 Square Miles 2,149,690 Square Kilometers","Middle East, bordering the Persian Gulf and the Red Sea, north of Yemen",Arabic,3.4%,"$54,600.00 (USD)",Saudi Arabia
Sudan,Khartoum,presidential republic,Sudanese Point (SDG),"718,719 Square Miles 1,861,484 Square Kilometers","north-eastern Africa, bordering the Red Sea, between Egypt and Eritrea","Arabic (official), Nubian, Ta Bedawie, diverse dialects of Nilotic, Nilo-Hamitic, Sudanic languages, English",3.5%,"$4,500.00 (USD)",Sudan
Senegal,Dakar,presidential republic,CFA Franc BCEAO (XOF),"75,954 Square Miles 196,722 Square Kilometers","Western Africa, bordering the North Atlantic Ocean, between Guinea-Bissau and Mauritania","French (official), Wolof, Pulaar, Jola, Mandinka",5.1%,"$2,500.00 (USD)",Senegal
Singapore,Singapore,parliamentary republic,Singapore Dollar (SGD),269 Square Miles 697 Square Kilometers,"Southeastern Asia, islands between Malaysia and Indonesia","Chinese (official), Malay (official and national), Tamil (official), English (official)",2.2%,"$85,700.00 (USD)",Singapore
SolomonIslands,Honiara,parliamentary democracy under a constitutional monarchy; a Commonwealth realm,Solomon Island Dollar (SBD),"11,157 Square Miles 28,896 Square Kilometers","Oceania, group of islands in the South Pacific Ocean, east of Papua New Guinea",Melanesian pidgin in much of the country is lingua franca; English is official but spoken by only 1%-2% of the population.,3.3%,"$2,000.00 (USD)",Solomon Islands
SierraLeone,Freetown,presidential republic,Leone (SLL),"27,699 Square Miles 71,740 Square Kilometers","Western Africa, bordering the North Atlantic Ocean, between Guinea and Liberia","English (official, regular use limited to literate minority), Mende (principal vernacular in the south), Temne (principal vernacular in the north), Krio (English-based Creole, spoken by the descendants of freed Jamaican slaves who were settled in the Freetown area, a lingua franca and a first language for 10% of the population but understood by 95%)",-23.9%,"$1,600.00 (USD)",Sierra Leone
ElSalvador,San Salvador,presidential republic,US Dollar (USD),"8,124 Square Miles 21,041 Square Kilometers","Central America, bordering the North Pacific Ocean, between Guatemala and Honduras","Spanish, Nahua (among some Amerindians)",2.4%,"$8,900.00 (USD)",El Salvador
SanMarino,San Marino (city),parliamentary republic,Euro (EUR),24 Square Miles 61 Square Kilometers,"Southern Europe, an enclave in central Italy",Italian,1%,"$62,100.00 (USD)",San Marino
Somalia,Mogadishu,federal parliamentary republic,Somali Shilling (SOS),"246,199 Square Miles 637,657 Square Kilometers","Eastern Africa, bordering the Gulf of Aden and the Indian Ocean, east of Ethiopia","Somali (official), Arabic, Italian, English",2.6%,$400.00 (USD),Somalia
Serbia,Belgrade (Beograd),parliamentary republic,Serbia Dinar (CSD),"29,913 Square Miles 77,474 Square Kilometers","Southeastern Europe, between Macedonia and Hungary","Serbian 95%, Albanian 5%",0.5%,"$13,600.00 (USD)",Serbia
SouthSudan,Juba,presidential republic,South Sudanese Pound,"248,775 Square Miles 644,329 Square Kilometers","East-Central Africa; south of Sudan, north of Uganda and Kenya, west of Ethiopia","English (official), Arabic (includes Juba and Sudanese variants) (official), regional languages include Dinka, Nuer, Bari, Zande, Shilluk",-5.3%,"$2,000.00 (USD)",South Sudan
SaoTomeandPrincipe,Sao Tome,semi-presidential republic,Dobra (STD),372 Square Miles 964 Square Kilometers,"Central Africa, islands in the Gulf of Guinea, just north of the Equator, west of Gabon",Portuguese (official),5%,"$3,400.00 (USD)",Sao Tome and Principe
Suriname,Paramaribo,presidential republic,Suriname Guilder (SRG),"63,251 Square Miles 163,820 Square Kilometers","Northern South America, bordering the North Atlantic Ocean, between French Guiana and Guyana","Dutch (official), English (widely spoken), Sranang Tongo (Surinamese, sometimes called Taki-Taki, is native language of Creoles and much of the younger population and is lingua franca among others), Hindustani (a dialect of Hindi), Javanese",1.5%,"$16,700.00 (USD)",Suriname
Slovakia,Bratislava,parliamentary republic,Euro (EUR),"18,932 Square Miles 49,035 Square Kilometers","Central Europe, south of Poland","Slovak (official), Hungarian",3.2%,"$29,500.00 (USD)",Slovak Republic
Slovenia,Ljubljana,parliamentary republic,Euro (EUR),"7,827 Square Miles 20,273 Square Kilometers","south Central Europe, Julian Alps between Austria and Croatia","Slovenian 92%, Serbo-Croatian 6.2%, other 1.8%",2.3%,"$30,900.00 (USD)",Slovenia
Sweden,Stockholm,parliamentary constitutional monarchy,Swedish Krona (SEK),"173,859 Square Miles 450,295 Square Kilometers","Northern Europe, bordering the Baltic Sea, Gulf of Bothnia, Kattegat, and Skagerrak, between Finland and Norway",Swedish,2.8%,"$48,000.00 (USD)",Sweden
Eswatini,Mbabane (administrative capital),Absolute monarchy,SZL,"6,704 Square Miles 17,364 Square Kilometers","Southern Africa, between Mozambique and South Africa","English (official, government business conducted in English), siSwati (official)",1.9%,"$9,800.00 (USD)",Eswatini
Seychelles,Victoria,presidential republic,Seychellese Rupee (SCR),176 Square Miles 455 Square Kilometers,"archipelago in the Indian Ocean, northeast of Madagascar","English (official), French (official), Creole",3.5%,"$27,000.00 (USD)",Seychelles
Syria,Damascus,presidential republic; highly authoritarian regime,Syrian Pound (SYP),"71,498 Square Miles 185,180 Square Kilometers","Middle East, bordering the Mediterranean Sea, between Lebanon and Turkey","Arabic (official); Kurdish, Armenian, Aramaic, Circassian widely understood; French, English somewhat understood",-9.9%,"$5,100.00 (USD)",Syrian Arab Republic
TurksandCaicosIslands,Grand Turk (Cockburn Town),parliamentary democracy,US Dollar (USD),366 Square Miles 948 Square Kilometers,"two island groups in the North Atlantic Ocean, southeast of The Bahamas, north of Haiti",English (official),11.2%,"$29,100.00 (USD)",Turks and Caicos Islands
Chad,N'Djamena,presidential republic,Cooperation Financiere en Afrique Centrale francs (XAF),"495,752 Square Miles 1,284,000 Square Kilometers","Central Africa, south of Libya","French (official), Arabic (official), Sara (in the south), and more than 120 different languages and dialects",-1.1%,"$2,600.00 (USD)",Chad
Togo,Lome,presidential republic,CFA Franc BCEAO (XOF),"21,925 Square Miles 56,785 Square Kilometers","Western Africa, bordering the Bight of Benin, between Benin and Ghana","French (official and the language of commerce), Ewe and Mina (the two major African languages in the south), Kabye (sometimes spelled Kabiye) and Dagomba (the two major African languages in the north)",5.4%,"$1,500.00 (USD)",Togo
Thailand,Bangkok,constitutional monarchy,Thai Baht (THB),"198,116 Square Miles 513,120 Square Kilometers","Southeastern Asia, bordering the Andaman Sea and the Gulf of Thailand, southeast of Burma","Thai, English, ethnic and regional dialects",2.5%,"$16,100.00 (USD)",Thailand
Tajikistan,Dushanbe,presidential republic,Somoni (TJS)somon,"55,251 Square Miles 143,100 Square Kilometers","Central Asia, west of China, south of Kyrgyzstan","Tajik (official), Russian widely used in government and business",3%,"$2,800.00 (USD)",Tajikistan
Turkmenistan,Ashgabat (Ashkhabad),presidential republic; authoritarian,Manat (TMM),"188,455 Square Miles 488,100 Square Kilometers","Central Asia, bordering the Caspian Sea, between Iran and Kazakhstan","Turkmen 72%, Russian 12%, Uzbek 9%, other 7%",8.5%,"$15,600.00 (USD)",Turkmenistan
TimorLeste,Dili,semi-presidential republic,US dollar (USD),"5,743 Square Miles 14,874 Square Kilometers","Southeastern Asia, northwest of Australia in the Lesser Sunda Islands at the eastern end of the Indonesian archipelago; note - Timor-Leste includes the eastern half of the island of Timor, the Oecussi (Ambeno) region on the northwest portion of the island of Timor, and the islands of Pulau Atauro and Pulau Jaco","Tetum (official), Portuguese (official), Indonesian, English",4.3%,"$5,800.00 (USD)",Timor-Leste
Tonga,Nuku'alofa,constitutional monarchy,Pa'anga (TOP),288 Square Miles 747 Square Kilometers,"Oceania, archipelago in the South Pacific Ocean, about two-thirds of the way from Hawaii to New Zealand","Tongan, English",2.7%,"$5,100.00 (USD)",Tonga
TrinidadandTobago,Port of Spain,parliamentary republic,Trinidad and Tobago Dollar (TTD),"1,980 Square Miles 5,128 Square Kilometers","Caribbean, islands between the Caribbean Sea and the North Atlantic Ocean, northeast of Venezuela","English (official), Hindi, French, Spanish, Chinese",1%,"$32,800.00 (USD)",Trinidad and Tobago
Tunisia,Tunis,parliamentary republic,Tunisian Dinar (TND),"63,170 Square Miles 163,610 Square Kilometers","Northern Africa, bordering the Mediterranean Sea, between Algeria and Libya","Arabic (official and one of the languages of commerce), French (commerce)",1%,"$11,600.00 (USD)",Tunisia
Turkey,Ankara,presidential republic,Yenmi Turk Lira (TRY),"302,533 Square Miles 783,562 Square Kilometers","Southeastern Europe and Southwestern Asia (that portion of Turkey west of the Bosporus is geographically part of Europe), bordering the Black Sea, between Bulgaria and Georgia, and bordering the Aegean Sea and the Mediterranean Sea, between Greece and Syria","Turkish (official), Kurdish, Arabic, Armenian, Greek",3%,"$20,500.00 (USD)",Turkiye
Tuvalu,Funafuti,parliamentary democracy under a constitutional monarchy; a Commonwealth realm,Austrlian Dollar (AUD),10 Square Miles 26 Square Kilometers,"Oceania, island group consisting of nine coral atolls in the South Pacific Ocean, about one-half of the way from Hawaii to Australia","Tuvaluan, English, Samoan, Kiribati (on the island of Nui)",3.5%,"$3,400.00 (USD)",Tuvalu
Tanzania,Dodoma,presidential republic,Tanzanian Shilling (TZS),"365,753 Square Miles 947,300 Square Kilometers","Eastern Africa, bordering the Indian Ocean, between Kenya and Mozambique","Kiswahili or Swahili (official), Kiunguju, English (official, Arabic, many local languages",6.9%,"$3,000.00 (USD)",Tanzania
Uganda,Kampala,presidential republic,Uganda Shilling (UGX),"93,065 Square Miles 241,038 Square Kilometers","East-Central Africa, west of Kenya, east of the Democratic Republic of the Congo","English (official language, Ganda or Luganda , other Niger-Congo languages, Nilo-Saharan languages, Swahili, Arabic)",5.2%,"$2,100.00 (USD)",Uganda
Ukraine,Kyiv (Kiev is the transliteration from Russian),semi-presidential republic,Ukrainian Hryvnia (UAH),"233,031 Square Miles 603,550 Square Kilometers","Eastern Europe, bordering the Black Sea, between Poland, Romania, and Moldova in the west and Russia in the east","Ukrainian, Russian, Romanian, Polish, Hungarian",-11%,"$8,000.00 (USD)",Ukraine
Uruguay,Montevideo,presidential republic,Uruguayan Peso (UYU),"68,037 Square Miles 176,215 Square Kilometers","Southern South America, bordering the South Atlantic Ocean, between Argentina and Brazil","Spanish, Portunol, or Brazilero (Portuguese-Spanish mix on the Brazilian frontier)",2.8%,"$21,800.00 (USD)",Uruguay
UnitedStatesofAmerica,"Washington, DC",constitutional federal republic,US Dollar (USD),"3,794,079 Square Miles 9,826,675 Square Kilometers","North America, bordering both the North Atlantic Ocean and the North Pacific Ocean, between Canada and Mexico","English 82.1%, Spanish 10.7%, other Indo-European 3.8%, Asian and Pacific islands 2.7%, other 0.7%",2.6%,"$56,300.00 (USD)",United States
Uzbekistan,Tashkent (Toshkent),presidential republic; highly authoritarian,Uzbekistan Sum (UZS),"172,741 Square Miles 447,400 Square Kilometers","Central Asia, north of Turkmenistan, south of Kazakhstan","Uzbek 74.3%, Russian 14.2%, Tajik 4.4%, other 7.1%",6.8%,"$6,100.00 (USD)",Uzbekistan
SaintVincentandtheGrenadines,Kingstown,parliamentary democracy under a constitutional monarchy; a Commonwealth realm,East Caribbean Dollar (XCD),150 Square Miles 389 Square Kilometers,"Caribbean, islands between the Caribbean Sea and North Atlantic Ocean, north of Trinidad and Tobago","English, French patois",2.1%,"$11,000.00 (USD)",St. Vincent and the Grenadines
Venezuela,Caracas,federal presidential republic,Venezuelan Bolivar (VEF),"352,143 Square Miles 912,050 Square Kilometers","Northern South America, bordering the Caribbean Sea and the North Atlantic Ocean, between Colombia and Guyana","Spanish (official), numerous indigenous dialects",-10%,"$16,100.00 (USD)","Venezuela, RB"
BritishVirginIslands,Road Town,overseas Territory of the UK with limited self-government; parliamentary democracy,US Dollar (USD),58 Square Miles 151 Square Kilometers,"The Caribbean, between the Caribbean Sea and the North Atlantic Ocean, east of Puerto Rico",English (official),1.3%,"$42,300.00 (USD)",British Virgin Islands
VirginIslands,Charlotte Amalie,"unincorporated organized territory of the US with local self-government; republican form of territorial government with separate executive, legislative, and judicial branches",US Dollar (USD),"737 Square Miles 1,910 Square Kilometers","Caribbean, islands between the Caribbean Sea and the North Atlantic Ocean, east of Puerto Rico","English (official), Spanish, Creole",-5.4%,"$36,100.00 (USD)",Virgin Islands (U.S.)
VietNam,Hanoi (Ha Noi),communist state,Vietnamese Dong (VND),"127,880 Square Miles 331,210 Square Kilometers","Southeastern Asia, bordering the Gulf of Thailand, Gulf of Tonkin, and South China Sea, as well as China, Laos, and Cambodia","Vietnamese (official), English (as a second language), some French, Chinese, and Khmer; mountain area languages (Mon-Khmer and Malayo-Polynesian)",6.5%,"$6,100.00 (USD)",Viet Nam
Vanuatu,Port-Vila (on Efate),parliamentary republic,Vanuatu Vatu (VUV),"4,706 Square Miles 12,189 Square Kilometers","Oceania, group of islands in the South Pacific Ocean, about three-quarters of the way from Hawaii to Australia","three official languages: English, French, pidgin (known as Bislama or Bichelama), plus more than 100 local languages",-2%,"$2,600.00 (USD)",Vanuatu
Samoa,Apia,parliamentary republic,Tala (WST),"1,093 Square Miles 2,831 Square Kilometers","Oceania, group of islands in the South Pacific Ocean, about half way between Hawaii and New Zealand","Samoan (Polynesian), English",2.6%,"$5,400.00 (USD)",Samoa
Kosovo,"Pristina (Prishtine, Prishtina)",parliamentary republic,Euro (EUR),"4,203 Square Miles 10,887 Square Kilometers","Southeast Europe, between Serbia and Macedonia","Albanian (official), Serbian (official), Bosnian, Turkish, Roma",3.2%,$0.00 (USD),Kosovo
Yemen,Sanaa,in transition,Yemeni Rial (YER),"203,848 Square Miles 527,968 Square Kilometers","Middle East, bordering the Arabian Sea, Gulf of Aden, and Red Sea, between Oman and Saudi Arabia",Arabic,-28.1%,"$2,800.00 (USD)","Yemen, Rep."
SouthAfrica,Pretoria (administrative capital),parliamentary republic,Rand (ZAR),"470,691 Square Miles 1,219,090 Square Kilometers","Southern Africa, at the southern tip of the continent of Africa","11 official languages, including Afrikaans, English, Ndebele, Pedi, Sotho, Swazi, Tsonga, Tswana, Venda, Xhosa, Zulu",1.4%,"$13,400.00 (USD)",South Africa
Zambia,Lusaka,presidential republic,Zambian Kwacha (ZMW),"290,586 Square Miles 752,618 Square Kilometers","Southern Africa, east of Angola, south of the Democratic Republic of the Congo","English (official), - Bemba, Kaonda, Lozi, Lunda, Luvale, Nyanja, Tonga, and about 70 other indigenous languages.",4.3%,"$4,300.00 (USD)",Zambia
Zimbabwe,Harare,presidential republic,Zimbabwe Dollar (ZWD),"150,871 Square Miles 390,757 Square Kilometers","Southern Africa, between South Africa and Zambia","English (official), Shona, Sindebele",1.4%,"$2,100.00 (USD)",Zimbabwe
